index,path,definition,assembly,solids,size_x_mm,size_y_mm,size_z_mm,volume_mm3
0,Delta 机械臂 v9,Delta 机械臂 v9,True,154,586.3659375404463,624.8831516183612,531.3992449490208,
1,Delta 机械臂 v9/DM-J4310-2EC-V1.1_3d_20260228_1 v1:1,DM-J4310-2EC-V1.1_3d_20260228_1 v1,True,26,57.0000002,46.00000010083665,57.00000020000001,
2,Delta 机械臂 v9/DM-J4310-2EC-V1.1_3d_20260228_1 v1:1/4310__3D_20240814_1_2_1:1,4310__3D_20240814_1_2_1,False,1,57.0,35.20000000000065,57.0,77490.81607079576
3,Delta 机械臂 v9/DM-J4310-2EC-V1.1_3d_20260228_1 v1:1/4340__3D_20240814_1_2_4:1,4340__3D_20240814_1_2_4,False,1,57.0000002,6.000000000571626,57.00000020000001,5708.025620456798
4,Delta 机械臂 v9/DM-J4310-2EC-V1.1_3d_20260228_1 v1:1/4310_202409130001:1,4310_202409130001,False,1,57.0,8.000000000000004,57.0,4894.1132093802335
5,Delta 机械臂 v9/DM-J4310-2EC-V1.1_3d_20260228_1 v1:1/4310__3D_20240814_1_2_3:1,4310__3D_20240814_1_2_3,False,1,49.12802331134227,7.80001003272244,53.20001216252,3688.5840895242786
6,Delta 机械臂 v9/DM-J4310-2EC-V1.1_3d_20260228_1 v1:1/4310__3D_20240814_1_2_2:1,4310__3D_20240814_1_2_2,False,1,57.00000000001887,6.500000346058499,57.000000000009734,5258.6665034024645
7,Delta 机械臂 v9/DM-J4310-2EC-V1.1_3d_20260228_1 v1:1/4310__3D_20240814_1_2_5:1,4310__3D_20240814_1_2_5,False,1,3.5,10.000000100009196,3.5,35.45096635615366
8,Delta 机械臂 v9/DM-J4310-2EC-V1.1_3d_20260228_1 v1:1/4310__3D_20240814_1_2_6:1,4310__3D_20240814_1_2_6,False,1,3.5,10.125053025724993,3.5,35.53879074577421
9,Delta 机械臂 v9/DM-J4310-2EC-V1.1_3d_20260228_1 v1:1/4310__3D_20240814_1_2_7:1,4310__3D_20240814_1_2_7,False,1,3.5,10.125052825608897,3.5000000000000004,35.448344596439
10,Delta 机械臂 v9/DM-J4310-2EC-V1.1_3d_20260228_1 v1:1/4310__3D_20240814_1_2_8:1,4310__3D_20240814_1_2_8,False,1,3.5,10.000000100019392,3.5,35.45301696848465
11,Delta 机械臂 v9/DM-J4310-2EC-V1.1_3d_20260228_1 v1:1/4310__3D_20240814_1_2_9:1,4310__3D_20240814_1_2_9,False,1,3.5,10.1250528256088,3.5,35.449171892918066
12,Delta 机械臂 v9/DM-J4310-2EC-V1.1_3d_20260228_1 v1:1/4310__3D_20240814_1_2_10:1,4310__3D_20240814_1_2_10,False,1,3.5,10.125052825608902,3.5000000000000004,35.44812663195277
13,Delta 机械臂 v9/DM-J4310-2EC-V1.1_3d_20260228_1 v1:1/M2_5-L6:1,M2_5-L6,False,1,4.700000200001332,7.500000275704011,4.700000200000005,47.30049959166499
14,Delta 机械臂 v9/DM-J4310-2EC-V1.1_3d_20260228_1 v1:1/_M2_5-100001:1,_M2_5-100001,False,1,5.0,10.000068282577104,5.0,49.83471339596413
15,Delta 机械臂 v9/DM-J4310-2EC-V1.1_3d_20260228_1 v1:1/M2_5-L4:1,M2_5-L4,False,1,4.700000200001332,5.5000001000009675,4.700000199999998,37.482988975871606
16,Delta 机械臂 v9/DM-J4310-2EC-V1.1_3d_20260228_1 v1:1/M2_5-L6:2,M2_5-L6,False,1,4.700000200001334,7.500000275704011,4.700000199999998,47.30049959166498
17,Delta 机械臂 v9/DM-J4310-2EC-V1.1_3d_20260228_1 v1:1/M2_5-L6:3,M2_5-L6,False,1,4.700000200001334,7.500000275704011,4.700000199999998,47.300499591664995
18,Delta 机械臂 v9/DM-J4310-2EC-V1.1_3d_20260228_1 v1:1/M2_5-L6:4,M2_5-L6,False,1,4.700000200001332,7.500000275704011,4.700000200000005,47.300499591664995
19,Delta 机械臂 v9/DM-J4310-2EC-V1.1_3d_20260228_1 v1:1/M2_5-L6:5,M2_5-L6,False,1,4.700000200001334,7.500000275704011,4.700000199999998,47.300499591664995
20,Delta 机械臂 v9/DM-J4310-2EC-V1.1_3d_20260228_1 v1:1/M2_5-L6:6,M2_5-L6,False,1,4.700000200001334,7.500000275704011,4.700000199999998,47.30049959166498
21,Delta 机械臂 v9/DM-J4310-2EC-V1.1_3d_20260228_1 v1:1/M2_5-L6:7,M2_5-L6,False,1,4.700000200001332,7.500000275704011,4.700000200000005,47.30049959166499
22,Delta 机械臂 v9/DM-J4310-2EC-V1.1_3d_20260228_1 v1:1/_M2_5-100001:2,_M2_5-100001,False,1,5.0,10.000068282577104,5.0,49.83471339596413
23,Delta 机械臂 v9/DM-J4310-2EC-V1.1_3d_20260228_1 v1:1/_M2_5-100001:3,_M2_5-100001,False,1,5.0,10.000068282577104,5.0,49.83471339596413
24,Delta 机械臂 v9/DM-J4310-2EC-V1.1_3d_20260228_1 v1:1/_M2_5-100001:4,_M2_5-100001,False,1,5.0,10.000068282577104,5.0,49.83471339596413
25,Delta 机械臂 v9/DM-J4310-2EC-V1.1_3d_20260228_1 v1:1/M2_5-L4:2,M2_5-L4,False,1,4.700000199999998,5.5000001000009675,4.700000200001332,37.482988975871606
26,Delta 机械臂 v9/DM-J4310-2EC-V1.1_3d_20260228_1 v1:1/M2_5-L4:3,M2_5-L4,False,1,4.700000200001332,5.5000001000009675,4.700000199999998,37.482988975871606
27,Delta 机械臂 v9/DM-J4310-2EC-V1.1_3d_20260228_1 v1:1/M2_5-L4:4,M2_5-L4,False,1,4.700000199999998,5.5000001000009675,4.700000200001332,37.482988975871606
28,Delta 机械臂 v9/前支架:1,前支架,False,1,104.99613391788861,16.0,103.53203230274815,44481.117750018144
29,Delta 机械臂 v9/轴承:1,轴承,False,1,58.00000000000001,7.000000000000007,58.00000000000001,7332.414421625512
30,Delta 机械臂 v9/输出盘:1,输出盘,False,1,62.0,23.000000000000107,62.0,32769.62617294902
31,Delta 机械臂 v9/后支架:1,后支架,False,1,104.99613391788861,8.000000200000002,103.53203230274815,20797.970873427803
32,Delta 机械臂 v9/主动臂:1,主动臂,False,1,65.0,10.000000000000373,242.5,77025.01061023565
33,Delta 机械臂 v9/固定碳板:1,固定碳板,False,1,192.36586756604777,380.0,329.1874562664608,385399.31356029434
34,Delta 机械臂 v9/m3*18连接铜柱:1,m3*18连接铜柱,True,4,89.40519702439987,18.000000000000096,87.96152439912478,
35,Delta 机械臂 v9/m3*18连接铜柱:1/m3*18铜柱1:1,m3*18铜柱1,False,1,5.711621989768972,18.000000000000004,5.000000172065394,298.6062591269786
36,Delta 机械臂 v9/m3*18连接铜柱:1/m3*18铜柱 2:1,m3*18铜柱 2,False,1,5.711621989768972,18.000000000000007,5.000000172065395,298.6062591269785
37,Delta 机械臂 v9/m3*18连接铜柱:1/m3*18铜柱 3:1,m3*18铜柱 3,False,1,5.711621989768968,18.000000000000007,5.000000172065391,298.60625912697856
38,Delta 机械臂 v9/m3*18连接铜柱:1/m3*18铜柱 4:1,m3*18铜柱 4,False,1,5.711621989768968,18.000000000000004,5.000000172065391,298.60625912697856
39,Delta 机械臂 v9/m5*20球关节铜柱(上):1,m5*20球关节铜柱(上),True,6,242.5873821507584,548.4345571566098,413.8228159639824,
40,Delta 机械臂 v9/m5*20球关节铜柱(上):1/m5*20铜柱:1,m5*20铜柱,False,1,8.000003441273547,20.0,9.237604307032143,679.4233202413518
41,Delta 机械臂 v9/m5*20球关节铜柱(上):1/m5*20铜柱(镜像):1,m5*20铜柱(镜像),False,1,8.000003441273547,20.0,9.237604307032143,679.4233202413518
42,Delta 机械臂 v9/m5*20球关节铜柱(上):1/m5*20铜柱:3,m5*20铜柱,False,1,16.660252317204765,16.928206210506232,20.7735012017788,679.4233202413515
43,Delta 机械臂 v9/m5*20球关节铜柱(上):1/m5*20铜柱(镜像):2,m5*20铜柱(镜像),False,1,16.660252317204794,16.928206210506232,20.7735012017788,679.4233202413516
44,Delta 机械臂 v9/m5*20球关节铜柱(上):1/m5*20铜柱:4,m5*20铜柱,False,1,16.660252317204794,16.928206210506204,20.7735012017788,679.4233202413518
45,Delta 机械臂 v9/m5*20球关节铜柱(上):1/m5*20铜柱(镜像):3,m5*20铜柱(镜像),False,1,16.660252317204765,16.928206210506204,20.7735012017788,679.4233202413516
46,Delta 机械臂 v9/球关节轴承(上):1,球关节轴承(上),True,6,253.26536798495442,565.0002900615557,427.68771894321037,
47,Delta 机械臂 v9/球关节轴承(上):1/球关节:1,球关节,False,1,14.878473039381774,16.5000028940862,15.000005588172428,1742.6033338896643
48,Delta 机械臂 v9/球关节轴承(上):1/球关节(镜像):1,球关节(镜像),False,1,14.878473039381774,16.5000028940862,15.000005588172371,1742.6033369813113
49,Delta 机械臂 v9/球关节轴承(上):1/球关节:3,球关节,False,1,15.000005588172371,15.000005588172371,15.668073977994595,1742.603333889665
50,Delta 机械臂 v9/球关节轴承(上):1/球关节(镜像):2,球关节(镜像),False,1,15.000005588172371,15.000005588172371,15.676114469572212,1742.603336981312
51,Delta 机械臂 v9/球关节轴承(上):1/球关节:4,球关节,False,1,15.000005588172428,15.000005588172371,15.676114469572212,1742.6033338896648
52,Delta 机械臂 v9/球关节轴承(上):1/球关节(镜像):3,球关节(镜像),False,1,15.000005588172371,15.000005588172428,15.668073977994595,1742.6033369813113
53,Delta 机械臂 v9/从动臂:1,从动臂,True,12,452.31738564678795,546.967851132938,411.7399324112695,
54,Delta 机械臂 v9/从动臂:1/m5螺纹杆:1,m5螺纹杆,True,6,452.31738564678795,546.967851132938,411.50975972685194,
55,Delta 机械臂 v9/从动臂:1/m5螺纹杆:1/螺纹杆:1,螺纹杆,False,1,378.8939798273219,4.901000000000018,37.914376716710024,7165.15344740641
56,Delta 机械臂 v9/从动臂:1/m5螺纹杆:1/螺纹杆(镜像):1,螺纹杆(镜像),False,1,378.8939798273219,4.901000000000014,37.914376716710024,7165.153447406408
57,Delta 机械臂 v9/从动臂:1/m5螺纹杆:1/螺纹杆:2,螺纹杆,False,1,218.55905699985968,192.51493696431965,253.05077148406795,7165.153447406409
58,Delta 机械臂 v9/从动臂:1/m5螺纹杆:1/螺纹杆(镜像):2,螺纹杆(镜像),False,1,218.55905699985962,192.51493696431967,253.05077148406798,7165.153447406409
59,Delta 机械臂 v9/从动臂:1/m5螺纹杆:1/螺纹杆:3,螺纹杆,False,1,218.5590569998596,192.5149369643197,253.05077148406798,7165.153447406407
60,Delta 机械臂 v9/从动臂:1/m5螺纹杆:1/螺纹杆(镜像):3,螺纹杆(镜像),False,1,218.5590569998596,192.51493696431967,253.0507714840679,7165.153447406409
61,Delta 机械臂 v9/从动臂:1/5mm内径碳杆:1,5mm内径碳杆,False,1,325.6310290053856,10.0,38.37471911665398,19202.985095067597
62,Delta 机械臂 v9/从动臂:1/5mm内径碳杆(镜像):1,5mm内径碳杆(镜像),False,1,325.6310290053856,10.0,38.37471911665398,19202.98509506759
63,Delta 机械臂 v9/从动臂:1/5mm内径碳杆:2,5mm内径碳杆,False,1,192.76400035768256,170.61359651010306,222.0197477854083,19202.98509506761
64,Delta 机械臂 v9/从动臂:1/5mm内径碳杆(镜像):2,5mm内径碳杆(镜像),False,1,192.7640003576825,170.61359651010312,222.01974778540833,19202.98509506761
65,Delta 机械臂 v9/从动臂:1/5mm内径碳杆:3,5mm内径碳杆,False,1,192.76400035768245,170.6135965101031,222.01974778540833,19202.985095067612
66,Delta 机械臂 v9/从动臂:1/5mm内径碳杆(镜像):3,5mm内径碳杆(镜像),False,1,192.76400035768245,170.6135965101031,222.0197477854083,19202.985095067605
67,Delta 机械臂 v9/球关节轴承（下）:1,球关节轴承（下）,True,6,83.65008825350299,173.57124781408606,134.11593725760775,
68,Delta 机械臂 v9/球关节轴承（下）:1/球关节:2,球关节,False,1,14.878473039381788,16.5000028940862,15.000005588172428,1742.6033338896643
69,Delta 机械臂 v9/球关节轴承（下）:1/球关节(镜像) (1):1,球关节(镜像) (1),False,1,14.878473039381788,16.5000028940862,15.000005588172428,1742.6033369813113
70,Delta 机械臂 v9/球关节轴承（下）:1/球关节:5,球关节,False,1,15.000005588172371,15.0000055881724,15.676114469572248,1742.6033338896648
71,Delta 机械臂 v9/球关节轴承（下）:1/球关节(镜像) (1):2,球关节(镜像) (1),False,1,15.000005588172371,15.0000055881724,15.668073977994595,1742.6033369813113
72,Delta 机械臂 v9/球关节轴承（下）:1/球关节:6,球关节,False,1,15.000005588172371,15.0000055881724,15.668073977994595,1742.6033338896643
73,Delta 机械臂 v9/球关节轴承（下）:1/球关节(镜像) (1):3,球关节(镜像) (1),False,1,15.000005588172371,15.0000055881724,15.676114469572255,1742.603336981312
74,Delta 机械臂 v9/末端平台:1,末端平台,False,1,69.459292143521,142.09996299037252,111.03907385791786,68584.68090333226
75,Delta 机械臂 v9/m5*20球关节铜柱(下):1,m5*20球关节铜柱(下),True,6,73.15857709365656,157.31564056848737,120.12621744495334,
76,Delta 机械臂 v9/m5*20球关节铜柱(下):1/m5*20铜柱:2,m5*20铜柱,False,1,8.372115625717925,20.000000000000007,9.202451833881014,679.4233202413516
77,Delta 机械臂 v9/m5*20球关节铜柱(下):1/m5*20铜柱(镜像) (1):1,m5*20铜柱(镜像) (1),False,1,8.372115625717925,20.000000000000007,9.202451833881014,679.4233202413516
78,Delta 机械臂 v9/m5*20球关节铜柱(下):1/m5*20铜柱:5,m5*20铜柱,False,1,16.428531822850573,17.25046481529273,20.5772194262344,679.4233202413521
79,Delta 机械臂 v9/m5*20球关节铜柱(下):1/m5*20铜柱(镜像) (1):2,m5*20铜柱(镜像) (1),False,1,16.428531822850573,17.250464815292702,20.577219426234393,679.423320241352
80,Delta 机械臂 v9/m5*20球关节铜柱(下):1/m5*20铜柱:6,m5*20铜柱,False,1,16.428531822850516,17.250464815292716,20.577219426234407,679.4233202413529
81,Delta 机械臂 v9/m5*20球关节铜柱(下):1/m5*20铜柱(镜像) (1):3,m5*20铜柱(镜像) (1),False,1,16.428531822850573,17.250464815292712,20.5772194262344,679.4233202413518
82,Delta 机械臂 v9/DM-J4310-2EC-V1.1_3d_20260228_1 v1:2,DM-J4310-2EC-V1.1_3d_20260228_1 v1,True,26,70.77807482027413,71.68572725590249,71.31966871727883,
83,Delta 机械臂 v9/DM-J4310-2EC-V1.1_3d_20260228_1 v1:2/4310__3D_20240814_1_2_1:1,4310__3D_20240814_1_2_1,False,1,63.71996767928965,63.61344801571252,59.09466861711654,77490.8160707958
84,Delta 机械臂 v9/DM-J4310-2EC-V1.1_3d_20260228_1 v1:2/4340__3D_20240814_1_2_4:1,4340__3D_20240814_1_2_4,False,1,53.457566844444564,51.68572735531208,41.40823078937714,5708.0256204567995
85,Delta 机械臂 v9/DM-J4310-2EC-V1.1_3d_20260228_1 v1:2/4310_202409130001:1,4310_202409130001,False,1,53.37096410406605,51.663448015713016,41.16966861711721,4894.113209380236
86,Delta 机械臂 v9/DM-J4310-2EC-V1.1_3d_20260228_1 v1:2/4310__3D_20240814_1_2_3:1,4310__3D_20240814_1_2_3,False,1,46.7448362554767,48.518885507708745,38.12981020619732,3688.58408952428
87,Delta 机械臂 v9/DM-J4310-2EC-V1.1_3d_20260228_1 v1:2/4310__3D_20240814_1_2_2:1,4310__3D_20240814_1_2_2,False,1,54.10708579728911,52.51344811532971,42.444668717927556,5258.666503402473
88,Delta 机械臂 v9/DM-J4310-2EC-V1.1_3d_20260228_1 v1:2/4310__3D_20240814_1_2_5:1,4310__3D_20240814_1_2_5,False,1,6.624770811348583,7.22798231715322,9.120522778027066,35.45096635615365
89,Delta 机械臂 v9/DM-J4310-2EC-V1.1_3d_20260228_1 v1:2/4310__3D_20240814_1_2_6:1,4310__3D_20240814_1_2_6,False,1,6.653605080817243,7.229746251325082,9.120522778027066,35.53879074577423
90,Delta 机械臂 v9/DM-J4310-2EC-V1.1_3d_20260228_1 v1:2/4310__3D_20240814_1_2_7:1,4310__3D_20240814_1_2_7,False,1,6.679039810236034,7.21428407779743,9.053684751612707,35.448344596439
91,Delta 机械臂 v9/DM-J4310-2EC-V1.1_3d_20260228_1 v1:2/4310__3D_20240814_1_2_8:1,4310__3D_20240814_1_2_8,False,1,6.672173221472143,7.198819858250658,9.066098080197605,35.453016968484654
92,Delta 机械臂 v9/DM-J4310-2EC-V1.1_3d_20260228_1 v1:2/4310__3D_20240814_1_2_9:1,4310__3D_20240814_1_2_9,False,1,6.652395155231758,7.1612448524020635,9.112475885752929,35.44917189291805
93,Delta 机械臂 v9/DM-J4310-2EC-V1.1_3d_20260228_1 v1:2/4310__3D_20240814_1_2_10:1,4310__3D_20240814_1_2_10,False,1,6.632603011538407,7.194615105068323,9.120522778027052,35.44812663195275
94,Delta 机械臂 v9/DM-J4310-2EC-V1.1_3d_20260228_1 v1:2/M2_5-L6:1,M2_5-L6,False,1,5.882737765557245,6.193653651905237,7.22366022725123,47.30049959166501
95,Delta 机械臂 v9/DM-J4310-2EC-V1.1_3d_20260228_1 v1:2/_M2_5-100001:1,_M2_5-100001,False,1,7.650399441841742,8.11222197020382,9.905980198499364,49.83471339596411
96,Delta 机械臂 v9/DM-J4310-2EC-V1.1_3d_20260228_1 v1:2/M2_5-L4:1,M2_5-L4,False,1,5.016712258360613,5.193653571090749,5.723660211690543,37.4829889758716
97,Delta 机械臂 v9/DM-J4310-2EC-V1.1_3d_20260228_1 v1:2/M2_5-L6:2,M2_5-L6,False,1,5.882737765557245,6.193653651905265,7.223660227251244,47.300499591665016
98,Delta 机械臂 v9/DM-J4310-2EC-V1.1_3d_20260228_1 v1:2/M2_5-L6:3,M2_5-L6,False,1,5.882737765557245,6.193653651905265,7.2236602272512584,47.30049959166503
99,Delta 机械臂 v9/DM-J4310-2EC-V1.1_3d_20260228_1 v1:2/M2_5-L6:4,M2_5-L6,False,1,5.882737765557238,6.193653651905237,7.22366022725123,47.30049959166501
100,Delta 机械臂 v9/DM-J4310-2EC-V1.1_3d_20260228_1 v1:2/M2_5-L6:5,M2_5-L6,False,1,5.882737765557252,6.193653651905265,7.223660227251216,47.300499591665016
101,Delta 机械臂 v9/DM-J4310-2EC-V1.1_3d_20260228_1 v1:2/M2_5-L6:6,M2_5-L6,False,1,5.882737765557238,6.193653651905237,7.22366022725123,47.300499591664995
102,Delta 机械臂 v9/DM-J4310-2EC-V1.1_3d_20260228_1 v1:2/M2_5-L6:7,M2_5-L6,False,1,5.882737765557245,6.193653651905237,7.22366022725123,47.300499591665016
103,Delta 机械臂 v9/DM-J4310-2EC-V1.1_3d_20260228_1 v1:2/_M2_5-100001:2,_M2_5-100001,False,1,7.653020258217694,8.168368740162919,9.903511544453792,49.834713395964094
104,Delta 机械臂 v9/DM-J4310-2EC-V1.1_3d_20260228_1 v1:2/_M2_5-100001:3,_M2_5-100001,False,1,7.619620591781526,8.189283102833542,9.824106407495066,49.834713395964144
105,Delta 机械臂 v9/DM-J4310-2EC-V1.1_3d_20260228_1 v1:2/_M2_5-100001:4,_M2_5-100001,False,1,7.601638467092265,8.163211709582527,9.8991743339798,49.83471339596414
106,Delta 机械臂 v9/DM-J4310-2EC-V1.1_3d_20260228_1 v1:2/M2_5-L4:2,M2_5-L4,False,1,5.016712258359782,5.193653571090977,5.723660211691126,37.48298897587163
107,Delta 机械臂 v9/DM-J4310-2EC-V1.1_3d_20260228_1 v1:2/M2_5-L4:3,M2_5-L4,False,1,5.016712258359895,5.193653571091744,5.723660211690799,37.48298897587161
108,Delta 机械臂 v9/DM-J4310-2EC-V1.1_3d_20260228_1 v1:2/M2_5-L4:4,M2_5-L4,False,1,5.016712258360712,5.193653571091488,5.7236602116903015,37.482988975871606
109,Delta 机械臂 v9/前支架:2,前支架,False,1,92.33523553302831,73.28203230274836,75.92931927204455,44481.11775001814
110,Delta 机械臂 v9/轴承:2,轴承,False,1,55.05177478633805,53.429473419497484,43.21653131377687,7332.414421625512
111,Delta 机械臂 v9/输出盘:2,输出盘,False,1,58.48412098104521,56.69357503463526,48.337577905009,32769.626172949014
112,Delta 机械臂 v9/后支架:2,后支架,False,1,92.33523553302831,73.28203230274838,75.92931927204455,20797.970873427796
113,Delta 机械臂 v9/主动臂:2,主动臂,False,1,171.67689448460845,190.80607966083863,59.28823202452901,77025.01061023562
114,Delta 机械臂 v9/m3*18连接铜柱:2,m3*18连接铜柱,True,4,81.36226800655749,65.76152380119801,74.03076169627111,
115,Delta 机械臂 v9/m3*18连接铜柱:2/m3*18铜柱1:1,m3*18铜柱1,False,1,12.668692971924592,13.799999574138354,17.049999582741606,298.6062591269784
116,Delta 机械臂 v9/m3*18连接铜柱:2/m3*18铜柱 2:1,m3*18铜柱 2,False,1,12.6686929719246,13.799999574138369,17.049999582741634,298.60625912697844
117,Delta 机械臂 v9/m3*18连接铜柱:2/m3*18铜柱 3:1,m3*18铜柱 3,False,1,12.668692971924592,13.79999957413834,17.049999582741606,298.6062591269785
118,Delta 机械臂 v9/m3*18连接铜柱:2/m3*18铜柱 4:1,m3*18铜柱 4,False,1,12.6686929719246,13.799999574138326,17.049999582741606,298.60625912697856
119,Delta 机械臂 v9/DM-J4310-2EC-V1.1_3d_20260228_1 v1:3,DM-J4310-2EC-V1.1_3d_20260228_1 v1,True,26,70.77807482029306,71.6857272550687,71.31966871753289,
120,Delta 机械臂 v9/DM-J4310-2EC-V1.1_3d_20260228_1 v1:3/4310__3D_20240814_1_2_1:1,4310__3D_20240814_1_2_1,False,1,63.71996767928967,63.61344801571251,59.09466861711786,77490.81607079579
121,Delta 机械臂 v9/DM-J4310-2EC-V1.1_3d_20260228_1 v1:3/4340__3D_20240814_1_2_4:1,4340__3D_20240814_1_2_4,False,1,53.45756684444453,51.6857273553121,41.40823078938206,5708.025620456803
122,Delta 机械臂 v9/DM-J4310-2EC-V1.1_3d_20260228_1 v1:3/4310_202409130001:1,4310_202409130001,False,1,53.37096410406605,51.48072425612307,41.169668617117196,4894.113209380236
123,Delta 机械臂 v9/DM-J4310-2EC-V1.1_3d_20260228_1 v1:3/4310__3D_20240814_1_2_3:1,4310__3D_20240814_1_2_3,False,1,46.74479810829678,48.518885507708056,35.27684519052184,3688.584089524279
124,Delta 机械臂 v9/DM-J4310-2EC-V1.1_3d_20260228_1 v1:3/4310__3D_20240814_1_2_2:1,4310__3D_20240814_1_2_2,False,1,54.10708569954322,52.513448014927505,42.44466881657385,5258.666503402471
125,Delta 机械臂 v9/DM-J4310-2EC-V1.1_3d_20260228_1 v1:3/4310__3D_20240814_1_2_5:1,4310__3D_20240814_1_2_5,False,1,6.672173221472121,7.1988198582505305,9.066098083411617,35.450966356153664
126,Delta 机械臂 v9/DM-J4310-2EC-V1.1_3d_20260228_1 v1:3/4310__3D_20240814_1_2_6:1,4310__3D_20240814_1_2_6,False,1,6.6523951552317016,7.1612448546063945,9.112475890735027,35.53879074577422
127,Delta 机械臂 v9/DM-J4310-2EC-V1.1_3d_20260228_1 v1:3/4310__3D_20240814_1_2_7:1,4310__3D_20240814_1_2_7,False,1,6.632603011535565,7.194615095943078,9.120522778027066,35.448344596439014
128,Delta 机械臂 v9/DM-J4310-2EC-V1.1_3d_20260228_1 v1:3/4310__3D_20240814_1_2_8:1,4310__3D_20240814_1_2_8,False,1,6.624770808175427,7.227982317442276,9.120522778027066,35.453016968484654
129,Delta 机械臂 v9/DM-J4310-2EC-V1.1_3d_20260228_1 v1:3/4310__3D_20240814_1_2_9:1,4310__3D_20240814_1_2_9,False,1,6.653605103885212,7.229746251325061,9.120522778027066,35.44917189291806
130,Delta 机械臂 v9/DM-J4310-2EC-V1.1_3d_20260228_1 v1:3/4310__3D_20240814_1_2_10:1,4310__3D_20240814_1_2_10,False,1,6.67903981023602,7.214284077800279,9.053684751602361,35.448126631952746
131,Delta 机械臂 v9/DM-J4310-2EC-V1.1_3d_20260228_1 v1:3/M2_5-L6:1,M2_5-L6,False,1,5.882737765556513,6.193653651906217,7.223660227251486,47.300499591665016
132,Delta 机械臂 v9/DM-J4310-2EC-V1.1_3d_20260228_1 v1:3/_M2_5-100001:1,_M2_5-100001,False,1,7.619620591781526,8.189283102833535,9.824106407495037,49.834713395964116
133,Delta 机械臂 v9/DM-J4310-2EC-V1.1_3d_20260228_1 v1:3/M2_5-L4:1,M2_5-L4,False,1,5.016712258359874,5.193653571091694,5.723660211690827,37.48298897587161
134,Delta 机械臂 v9/DM-J4310-2EC-V1.1_3d_20260228_1 v1:3/M2_5-L6:2,M2_5-L6,False,1,5.882737765556527,6.19365365190621,7.223660227251486,47.300499591665016
135,Delta 机械臂 v9/DM-J4310-2EC-V1.1_3d_20260228_1 v1:3/M2_5-L6:3,M2_5-L6,False,1,5.882737765556513,6.1936536519062315,7.223660227251486,47.30049959166502
136,Delta 机械臂 v9/DM-J4310-2EC-V1.1_3d_20260228_1 v1:3/M2_5-L6:4,M2_5-L6,False,1,5.882737765556527,6.193653651906217,7.223660227251486,47.30049959166503
137,Delta 机械臂 v9/DM-J4310-2EC-V1.1_3d_20260228_1 v1:3/M2_5-L6:5,M2_5-L6,False,1,5.882737765556527,6.193653651906224,7.223660227251486,47.300499591665016
138,Delta 机械臂 v9/DM-J4310-2EC-V1.1_3d_20260228_1 v1:3/M2_5-L6:6,M2_5-L6,False,1,5.882737765556527,6.193653651906217,7.223660227251486,47.30049959166502
139,Delta 机械臂 v9/DM-J4310-2EC-V1.1_3d_20260228_1 v1:3/M2_5-L6:7,M2_5-L6,False,1,5.882737765556499,6.193653651906214,7.223660227251486,47.30049959166504
140,Delta 机械臂 v9/DM-J4310-2EC-V1.1_3d_20260228_1 v1:3/_M2_5-100001:2,_M2_5-100001,False,1,7.601638467092272,8.163211709582534,9.899174333979772,49.834713395964116
141,Delta 机械臂 v9/DM-J4310-2EC-V1.1_3d_20260228_1 v1:3/_M2_5-100001:3,_M2_5-100001,False,1,7.650399441841742,8.112221970203798,9.90598019849935,49.83471339596409
142,Delta 机械臂 v9/DM-J4310-2EC-V1.1_3d_20260228_1 v1:3/_M2_5-100001:4,_M2_5-100001,False,1,7.653020258217694,8.168368740162904,9.903511544453778,49.834713395964116
143,Delta 机械臂 v9/DM-J4310-2EC-V1.1_3d_20260228_1 v1:3/M2_5-L4:2,M2_5-L4,False,1,5.016712258360727,5.193653571091438,5.723660211690316,37.48298897587162
144,Delta 机械臂 v9/DM-J4310-2EC-V1.1_3d_20260228_1 v1:3/M2_5-L4:3,M2_5-L4,False,1,5.016712258360613,5.193653571090689,5.723660211690628,37.48298897587162
145,Delta 机械臂 v9/DM-J4310-2EC-V1.1_3d_20260228_1 v1:3/M2_5-L4:4,M2_5-L4,False,1,5.0167122583597745,5.193653571090948,5.723660211691083,37.48298897587162
146,Delta 机械臂 v9/前支架:3,前支架,False,1,92.33523553302835,73.28203230274833,75.92931927204461,44481.11775001815
147,Delta 机械臂 v9/轴承:3,轴承,False,1,55.05177478633807,53.42947341949744,43.2165313137769,7332.41442162551
148,Delta 机械臂 v9/输出盘:3,输出盘,False,1,58.48412098104521,56.693575034635245,48.337577905009,32769.62617294903
149,Delta 机械臂 v9/后支架:3,后支架,False,1,92.33523553302834,73.28203230274832,75.92931927204458,20797.970873427807
150,Delta 机械臂 v9/主动臂:3,主动臂,False,1,171.67689448460843,190.80607966083863,59.28823202452901,77025.01061023558
151,Delta 机械臂 v9/m3*18连接铜柱:3,m3*18连接铜柱,True,4,81.36226800655757,65.761523801198,74.03076169627127,
152,Delta 机械臂 v9/m3*18连接铜柱:3/m3*18铜柱1:1,m3*18铜柱1,False,1,12.668692971924699,13.799999574138383,17.049999582741606,298.6062591269786
153,Delta 机械臂 v9/m3*18连接铜柱:3/m3*18铜柱 2:1,m3*18铜柱 2,False,1,12.668692971924685,13.799999574138372,17.049999582741606,298.6062591269785
154,Delta 机械臂 v9/m3*18连接铜柱:3/m3*18铜柱 3:1,m3*18铜柱 3,False,1,12.668692971924699,13.799999574138372,17.049999582741606,298.60625912697867
155,Delta 机械臂 v9/m3*18连接铜柱:3/m3*18铜柱 4:1,m3*18铜柱 4,False,1,12.668692971924656,13.799999574138383,17.049999582741606,298.6062591269785
156,Delta 机械臂 v9/顶层连接碳板:1,顶层连接碳板,False,1,193.46409907305826,380.0000000000003,331.0896548878087,374236.74932638445
157,Delta 机械臂 v9/m4*50铜柱:1,m4*50铜柱,True,6,177.24653282190982,232.00000067305928,257.0000001761168,
158,Delta 机械臂 v9/m4*50铜柱:1/m4*50:1,m4*50,False,1,47.342722213441924,7.000000000000057,31.9999996948801,1425.480587481264
159,Delta 机械臂 v9/m4*50铜柱:1/m4*50:2,m4*50,False,1,47.342722073549304,7.000000000000057,32.00000000000004,1425.4805874812646
160,Delta 机械臂 v9/m4*50铜柱:1/m4*50:3,m4*50,False,1,47.34272200360302,7.000000336529396,32.000000152560006,1425.480587481265
161,Delta 机械臂 v9/m4*50铜柱:1/m4*50:4,m4*50,False,1,47.34272207354933,7.000000000000078,32.00000000000003,1425.4805874812644
162,Delta 机械臂 v9/m4*50铜柱:1/m4*50:5,m4*50,False,1,47.34272200360303,7.000000336529354,32.000000152560034,1425.480587481265
163,Delta 机械臂 v9/m4*50铜柱:1/m4*50:6,m4*50,False,1,47.34272207354935,7.000000000000071,32.00000000000003,1425.4805874812637
164,Delta 机械臂 v9/2020铝材 (1):1,2020铝材 (1),True,4,54.555096871668724,624.8831516183612,75.29604681677357,
165,Delta 机械臂 v9/2020铝材 (1):1/2020铝材:1,2020铝材,False,1,26.22243177427039,264.0000000000002,26.222431812337746,44911.08529637585
166,Delta 机械臂 v9/2020铝材 (1):1/2020铝材(镜像):1,2020铝材(镜像),False,1,26.22243182262971,264.0000000000002,26.222431860697043,44911.08529637585
167,Delta 机械臂 v9/2020铝材 (1):1/2020铝材(镜像) (1):1,2020铝材(镜像) (1),False,1,26.22243177426987,264.0000000000002,26.222431812337888,44911.08529637585
168,Delta 机械臂 v9/2020铝材 (1):1/2020铝材(镜像)(镜像):1,2020铝材(镜像)(镜像),False,1,26.222431822629222,264.0000000000002,26.22243186069724,44911.08529637586
