ball,contact_time_s,landing_x_m,landing_y_m,error_m,success
1.000000000000000000e+00,4.404999999999791860e-01,5.415261932952127877e-01,1.371303918230776069e-03,3.849823732060315279e-02,1.000000000000000000e+00
2.000000000000000000e+00,4.404999999999791860e-01,5.415261932952127877e-01,1.371303918230776069e-03,3.849823732060315279e-02,1.000000000000000000e+00
3.000000000000000000e+00,4.404999999999791860e-01,5.415261932952127877e-01,1.371303918230776069e-03,3.849823732060315279e-02,1.000000000000000000e+00
4.000000000000000000e+00,4.404999999999791860e-01,5.415261932952127877e-01,1.371303918230776069e-03,3.849823732060315279e-02,1.000000000000000000e+00
5.000000000000000000e+00,4.404999999999791860e-01,5.415261932952127877e-01,1.371303918230776069e-03,3.849823732060315279e-02,1.000000000000000000e+00
6.000000000000000000e+00,4.404999999999791860e-01,5.415261932952127877e-01,1.371303918230776069e-03,3.849823732060315279e-02,1.000000000000000000e+00
7.000000000000000000e+00,4.404999999999791860e-01,5.415261932952127877e-01,1.371303918230776069e-03,3.849823732060315279e-02,1.000000000000000000e+00
8.000000000000000000e+00,4.404999999999791860e-01,5.415261932952127877e-01,1.371303918230776069e-03,3.849823732060315279e-02,1.000000000000000000e+00
9.000000000000000000e+00,4.404999999999791860e-01,5.415261932952127877e-01,1.371303918230776069e-03,3.849823732060315279e-02,1.000000000000000000e+00
1.000000000000000000e+01,4.404999999999791860e-01,5.415261932952127877e-01,1.371303918230776069e-03,3.849823732060315279e-02,1.000000000000000000e+00
