ball,launch_x_m,launch_y_m,launch_z_m,launch_vx_mps,launch_vy_mps,launch_vz_mps,serve_bounce_1_x_m,serve_bounce_1_y_m,serve_net_z_m,serve_bounce_2_x_m,serve_bounce_2_y_m,actual_serve_valid,intercept_time_s,intercept_x_m,intercept_y_m,intercept_z_m,paddle_contact,paddle_vx_mps,paddle_vy_mps,paddle_vz_mps,preview_attempts,planned_peak_paddle_speed_mps,planned_peak_joint_speed_radps,actual_peak_joint_speed_radps,actual_peak_paddle_speed_mps,actual_min_joint_margin_rad,return_net_z_m,return_net_contact,return_landing_x_m,return_landing_y_m,legal_return,target_error_m
1,1.4,0.010625725241595226,1.2234198764703028,-2.9783441367548877,-0.013916192990791065,-1.5832745641226453,0.8696581521348787,0.008147928586322803,1.1354570473117247,-0.5422403659402967,0.0019546508347452287,1,0.7799999999999695,-0.6478510016495436,0.0015115677286357133,0.8788307439143248,1,0.9,0.0,0.25,1,0.9340770846134703,7.961764291708472,9.323279033330646,1.0614240453319048,0.06655371237347077,0.9875367258622313,0,0.237810021992291,-0.003906314891155048,1,0.3422122738081514
2,1.4,-0.010626477244225233,1.2221420357109851,-3.024277627424722,0.01943310673686765,-0.8049776521620656,0.7190437278903111,-0.0062511454242027125,1.0974661902364873,-0.6016795914935797,0.001722052310844139,1,0.7879999999999686,-0.7054513495628192,0.0023206986092894895,0.8775578115251689,1,0.85,0.0,0.45,36,0.9617692030835672,9.606117289923109,10.753012815479826,1.065381022401853,0.04749980941706555,0.9598239645006502,0,0.18906082757697618,0.0012100316987847235,1,0.3909410450586006
3,1.4,0.009216877993249627,1.123766256393802,-2.9994454734342404,-0.024512664341007157,-0.3781260463294462,0.726017789351972,0.0037092013028897307,1.0836447055469578,-0.5672590366790321,-0.006222246856891947,1,0.7799999999999695,-0.6782246721006916,-0.0070364291399510025,0.8776156385629579,1,0.85,0.0,0.45,5,0.9617692030835672,9.406609278087561,10.564488549574802,1.1304158050552953,0.16500335203307182,0.9619407926689103,0,0.22570609316722368,-0.01924262631235822,1,0.3548160806477477
4,1.4,0.004257769945889733,1.0176188890320739,-3.383250050933857,-0.030551901725933202,-1.9750659288236916,1.0715950193799029,0.0012926220313546088,1.1268038187426896,-0.570202524861501,-0.012624807242753694,1,0.6999999999999783,-0.6964039902160574,-0.013628177564838275,0.8750249065366704,1,0.85,0.0,0.45,11,0.9617692030835672,9.515917912822356,10.860349754189516,1.0825545193341475,0.09892937435822291,0.9440436432877184,0,0.21364939207075065,-0.026439324947262605,1,0.3673034247509782
5,1.4,0.011845112566570767,1.116343705977046,-3.3756903874423916,-0.018113932590640626,-1.1861162280290825,0.8405876101157423,0.008843577318049052,1.0474780518852667,-0.5533797650290285,0.0018117535814470534,1,0.6959999999999787,-0.6869038558307086,0.0011683152904400696,0.8755644539397855,1,1.0,0.0,0.35,5,1.0594810050208545,9.920812890755746,11.144832448609064,1.1909762619172888,0.16500344466197392,0.9530971031743019,0,0.27861993481121783,-0.006433175854719921,1,0.3014487177693286
6,1.4,-0.004417561917732842,1.1183837506639784,-3.0018376855550097,-0.027682444985824395,-0.37672112383395134,0.7310601138544113,-0.01058599083633587,1.0785629327503718,-0.5557556082246783,-0.021737448504034203,1,0.7759999999999699,-0.6705743510737515,-0.022688123321390134,0.8769917682692738,1,0.85,0.0,0.45,5,0.9617692030835672,9.289761923770843,10.330973749768598,1.0818475130233156,0.16500182094697413,0.9454843045555466,0,0.2119171590305966,-0.030966908533682003,1,0.3693831713008059
7,1.4,0.00940508009427636,1.2163003271661255,-2.977669137754027,-0.0032874584710571517,-1.5900240103985244,0.8767479146344388,0.008827438901474183,1.169076931383054,-0.5857526665403067,0.007312228737019809,1,0.7959999999999677,-0.683690292500801,0.007215130121553366,0.8759073344482882,1,0.85,0.0,0.45,5,0.9617692030835672,9.395810719957652,10.80120686188349,1.1282858507207576,0.16500557595659737,1.010413161594798,0,0.27498547509449556,0.004262834300837904,1,0.3050443117968387
8,1.4,0.009656624457868614,1.0242098158942645,-3.3842881617747183,-0.03355386184625443,-2.011646450882058,1.0682775675386265,0.006368231458354894,1.1117278374399806,-0.5491218214247362,-0.008688011787338659,1,0.6879999999999796,-0.6649983334908465,-0.00971982639931628,0.8781908197052181,1,0.85,0.0,0.45,4,0.9617692030835672,9.281969669254764,10.39471644545942,1.0749401993779646,0.1345888923628156,1.0324628173774704,0,0.3370967748009987,-0.016262742068972495,1,0.2434470241996781
9,1.4,-0.009861823358317243,1.017177201664499,-3.40065097564512,0.014813307772381025,-1.9994210376812405,1.0732161590658944,-0.008438568605840276,1.1177533996773958,-0.5620396569464494,-0.0017510198702327259,1,0.6879999999999796,-0.6742992477263635,-0.00131181290824082,0.8759400055027529,1,0.85,0.0,0.45,5,0.9617692030835672,9.317746695669536,10.608666616532197,1.1150733198469458,0.16500258113393262,1.044417276087151,0,0.36999150513219997,0.0034744118622405964,1,0.21003723349546205
10,1.4,-0.0070182721295523965,1.2187742127247816,-3.0161998028753043,0.0058990835748220505,-0.8160857754109125,0.7264115592485281,-0.005700955843824366,1.0935359761191752,-0.5860927226418181,-0.0032891391220475318,1,0.783999999999969,-0.6909662346398106,-0.0031049941716673047,0.8777971025550341,1,0.85,0.0,0.45,8,0.9617692030835672,9.495848981725395,10.863429992542292,1.12114650496495,0.1643596976049977,0.9592511995045816,0,0.18991444046498415,-0.011132095300447703,1,0.3902443687018745
